,propietario,motocicletas,automoviles,jeep,carga,autobuses,maquinas_pesadas,volteo,otros,total,porcentaje
0,femenino,409366,302004,226030,40868,18407,1236,1747,960,1000621,17.224953934629866
1,masculino,1831636,693452,391888,297820,75209,10575,12692,7760,3321036,57.16919004822748
2,persona_juridica,1039644,126238,60112,182378,37017,15755,11094,15241,1487479,25.605856017142653
